{"0": [0.0, 5.4061, 5.12582, 2.07847, 6.92037, 23.9405, 4.16225, 3.78605, 5.76202, 22.9091, 1.06591, 2.3941, 0.197637, 8.18972, 4.89465, 5.05311, 4.35233, 0.587299, 0.0299591, 28.9913, 2.55472, 0.199388, 3.60927, 4.16483], "1": [2.97159, 8.06766, 0.196876, 329.949, 0.378399, 33.9123, 4.09921, 16.9793, 3.56841, 4.15998, 0.358955, 3.04859, 4.98397, 4.26998, 13.457, 3.03453, 284.061, 1.78127, 1.45864, 5.24009, 8.98594], "2": [0.209781, 5.6198, 0.766794, 0.029956, 32.8062, 3.21434, 2.64656, 1.55815, 3.26878, 15.2857, 23.1953, 10.0322, 8.07687, 0.848021, 40.6093, 0.189146, 2.99821, 0.896826, 21.6299, 25.2715, 7.4887, 6.54459, 50.8252, 9.45209, 1.40318, 2.87037, 0.159277, 5.13899, 2.95768, 15.8678, 4.80528, 3.67027, 10.8492, 3.83093, 0.617317, 3.98248, 2.37854, 20.3769, 5.34039, 0.149859], "3": [3.16863, 5.09656, 13.1661, 8.86699, 0.995981, 6.80637, 0.299144, 1.7669, 5.95012, 1.95966, 3.6391, 7.19499, 3.39235, 3.41252, 0.506014, 4.87828, 9.66614, 4.57168, 10.9036, 0.369, 3.33373, 36.4221, 43.5758, 16.9662, 0.346462, 199.119, 3.87339, 65.257, 47.8088], "4": [21.894, 2.93957, 24.1103, 8.26423, 0.787859, 2.899, 7.40281, 3.75482, 5.49317, 29.4448, 2.08005, 19.6837, 2.44142, 3.23309, 0.466068, 21.3321, 2.92549, 1.58415, 31.3349, 11.0145, 1.83122, 1.32131, 0.0299247, 11.3424, 12.1343, 25.7583, 2.33789, 0.456718, 2.10246, 1.8619, 1.58655, 1.03162, 38.0143, 3.1119, 1.92407, 2.4043, 0.628069, 20.2889, 25.9636, 25.6041, 8.23505, 13.7347, 0.504553, 0.781864, 3.33345, 2.77262, 4.07049, 5.86958], "5": [1.35086, 1.72346, 3.43909, 3.43088, 2.15923, 13.812, 19.8165, 1.24704, 3.75414, 0.996688, 1.34499, 2.43431, 0.59438, 1.91738, 0.613921, 1.0421, 2.55521, 2.27236, 0.219628, 1.23537, 8.38439, 9.51624, 1.48492, 9.60185, 0.994978, 18.7834, 5.16026, 4.74312, 5.78228, 2.79311, 3.62265, 1.31199, 10.1253, 3.45182], "6": [4.12139, 3.48593, 1.0129, 3.23629, 2.02884, 3.39015, 6.10942, 1.08401, 1.60449, 5.17864, 5.3273, 4.74861, 2.68952, 8.57386, 3.2828, 4.12841, 4.66332, 6.90381, 2.55633, 5.19435, 6.5906, 4.51912, 4.522, 1.42352, 0.673424, 0.792593, 4.70808, 0.0299077, 2.35673, 0.707908, 4.29043, 4.6719, 1.91286, 1.81772, 6.19874, 0.889217, 8.5587, 5.84874, 1.3572, 1.84086, 1.96554, 4.53702, 2.86982, 0.0, 1.50335, 10.0256, 2.29273, 1.98346, 0.744934, 1.57988, 0.40744, 2.42149, 0.0299843, 2.65129, 1.09771, 2.01229, 0.707825, 1.73646, 3.3963, 0.269449, 0.0898758, 0.029984, 1.35791, 3.46134, 3.49498, 0.209095, 0.34928, 2.56946, 4.50065, 0.912968, 0.486726, 2.41112, 0.179824, 2.10971, 3.72982, 4.69509, 9.29848, 6.92383, 2.18093, 3.09613, 2.02447, 3.37101, 6.05954, 2.356, 3.18975, 3.06361, 2.18647, 4.82436, 2.87788, 0.0598603, 1.56388, 2.78453, 1.74396, 0.0299607, 0.0, 0.88743, 2.80296, 1.02448, 2.90475, 0.287989, 0.0, 2.46162, 2.17268, 0.650453, 2.41101, 0.933706, 2.30358, 1.15072, 1.44889, 2.57119, 5.38799, 1.82572, 5.11092, 1.08842, 0.568723, 3.19564, 2.27548, 0.338997, 9.82088, 1.00853, 0.807314, 0.089813, 2.64986, 2.97738, 8.88173, 5.26222, 1.636], "7": [1.23692, 0.63031, 1.52125, 0.514389, 0.593945, 3.3264, 0.287731, 0.438566, 2.12607, 3.19569, 1.68373, 0.0591469, 1.10418, 0.564868, 1.08432, 0.0897761, 1.47594, 2.61997, 1.717, 1.15016, 3.43529, 1.63857, 0.381901, 8.01065, 1.35607, 8.96348, 1.53126, 1.07598, 2.17484, 1.35449, 0.804868, 0.556714, 6.87888, 0.780321, 6.42364, 0.687332, 4.03988, 1.67834, 0.447414, 3.15414, 0.866627, 5.10406, 0.893993, 1.97704, 3.2016, 2.92893, 4.02768, 1.58553, 1.08638, 8.42405, 2.26802, 0.0], "8": [15.9892], "9": [6.59009, 1.10023, 0.238311, 4.82103, 20.5427, 25.1895, 6.076, 7.80493, 3.18554, 0.801024, 3.13015, 1.68728, 1.90812, 13.3846, 6.7874, 0.662749, 25.1551, 1.76083, 1.87619, 5.30313, 1.62865, 2.81481, 8.99538, 4.7361, 75.6561, 2.0266, 4.86312, 9.97843, 20.4196, 13.4573, 14.6988, 20.306, 4.35524, 5.33502], "10": [1.20009], "11": [6.12988], "12": [0.93538, 2.15865, 28.2561, 2.43027, 0.866548, 1.33435, 1.03015, 0.794768, 0.35491, 0.209279, 8.3984, 9.12374, 2.41597, 0.0, 0.707712, 2.69708, 1.85631, 0.0, 1.87604, 0.337588, 3.21407, 1.56128, 6.0007, 1.46514, 0.28822, 4.28285, 1.37974, 22.8162, 5.92404, 9.47677, 0.217969, 5.86315, 4.12574, 6.96936], "13": [20.8348], "14": [0.514045, 11.1899, 3.90195, 5.10855, 3.40849, 7.63458, 1.08751, 3.96799, 5.80448, 7.36177, 5.68667, 5.01527, 3.44955, 16.5319, 1.42478, 3.30338, 9.84321, 7.00347], "15": [0.810771, 2.56288, 4.98699, 3.5192, 30.1098, 2.4956, 0.806603, 5.1249, 6.12794, 2.9568, 1.26497, 2.44481, 1.94631, 4.78886, 2.23058, 2.13749, 1.48514, 12.115, 6.50222, 1.00008, 4.50255, 3.06804, 9.7032, 12.555, 4.73564, 1.58905, 1.78577, 4.22846, 2.78721, 8.20094, 15.4369, 8.69136, 1.62661, 4.61687, 15.3762, 0.0, 0.0898838, 2.78738, 0.418894, 2.44335, 1.24659], "16": [217.302, 9.56443, 0.555597, 195.629, 2.96998, 0.904114, 3.74473, 2.75895, 5.52211, 1.15776, 4.61851, 41.627, 0.279754, 3.4945, 1.11694, 2.18696, 2.77679, 3.707, 4.00843, 0.537085, 1.09367, 2.66704, 23.7121, 26.8697, 9.19723, 1.08752, 11.8421, 7.29627, 24.5319, 24.9938, 3.29436, 310.524, 18.6748, 25.607, 11.7412, 7.12644, 10.9436, 16.4092, 20.7649], "17": [6.89367, 1.91514, 2.85377, 194.137, 1.94851, 3.95168, 4.3716, 7.70161, 18.8393, 5.05574, 14.8528, 15.6698, 3.27099, 4.93486, 16.3418], "18": [1.46065, 0.667068, 6.38575, 1.28363, 0.259655, 0.0596372, 4.18087, 34.9262, 9.55889, 0.0299837, 17.5636, 5.67205, 12.383, 18.0957, 3.5713, 1.16344], "19": [2.32555], "20": [0.577345, 0.741621, 0.7941, 1.73531, 5.73031, 1.26752, 4.0207, 1.10254, 5.87778, 7.57402, 8.59009, 0.703943, 0.768398, 11.8056, 0.863812, 0.238384, 13.0356, 0.0598463, 5.78333, 7.44429, 1.9785, 141.925, 0.647162, 0.699735, 11.169, 1.87014, 3.1583, 5.34749, 4.83562, 2.54492, 0.554959, 0.0, 0.3972, 1.0043, 4.67116, 1.50434, 0.362625, 1.2388], "21": [0.448554], "22": [0.0299425, 2.72159, 0.574734, 3.5782, 0.0, 0.398782, 6.62045, 6.10373, 48.7198, 6.99704, 5.35201, 2.04326, 6.59451, 3.39856, 39.4154, 7.04663, 0.368392], "23": [0.0299566, 5.84647, 3.21151, 12.7033, 1.67194, 17.4527, 7.18353, 0.357895, 43.6793, 7.59301, 3.6347, 0.418776, 0.0, 9.0726, 5.04204, 2.1739, 0.089563, 0.508667, 2.13507, 7.6403, 16.6983, 2.94829], "24": [0.0299658, 5.92595, 5.9943, 2.4356, 0.593766, 1.76576, 1.59842, 1.04184, 2.66016, 4.17132, 13.9801, 2.53456, 0.563643, 0.149654, 5.65294, 1.60339, 0.922678, 0.597704, 0.39778, 1.37203, 4.32338, 1.56914, 6.13383, 0.0298752, 2.30115, 0.0299441, 1.59414, 3.71782, 1.43121, 9.32164, 2.51906, 1.04951, 0.279226, 8.80661], "25": [173.136, 4.69529, 7.30695, 0.744543, 9.48139, 31.7716, 1.91839, 0.308882, 11.5722, 2.68883, 257.837, 11.0573, 0.089554, 7.31666, 2.00267, 20.2859, 12.7659, 6.3743, 5.48232, 4.25789, 14.5707, 0.348941, 16.6784, 0.667257, 23.9144, 43.049, 8.95609, 1.63842, 21.4994], "26": [16.9995], "27": [13.2793, 4.43655, 7.66635, 5.66291, 12.0368, 0.278021, 8.18662, 16.7172, 15.5011, 3.68625, 6.89826, 3.73427, 5.56943, 4.07757, 5.62806, 18.4551, 12.4186, 1.8398, 2.7732, 12.4402], "28": [1.90378, 4.03228, 1.72433, 2.34655, 0.208468, 548.515, 2.82228, 2.41377, 2.13522, 3.23238, 0.963049, 7.09208, 4.39454, 0.562223, 0.494323, 1.23797, 0.545877, 3.48732, 2.4173, 3.1929, 0.754584, 3.34284, 6.53218, 0.949, 0.0299409, 0.0, 2.91491, 0.375616, 0.0898523, 1.99455, 5.85995, 2.69835, 0.553498, 1.62944, 4.77806, 3.18337, 4.90787, 3.82219, 1.9749], "29": [11.4644, 8.74245, 2.50051, 6.73417, 7.73094, 4.2266, 0.149853, 2.24063, 2.56492, 1.71776, 3.23441, 7.51482, 15.9323, 5.12416, 35.5373, 4.3673, 3.7359, 4.12309], "30": [0.668103, 5.7826, 5.06588, 1.174, 0.227006, 0.0, 1.4623, 0.209559, 7.04379, 5.34044, 2.98275, 1.70615, 2.1268, 4.86299, 1.39352, 0.285938, 1.95, 1.75435, 0.584638, 0.348952, 21.4299, 1.38392, 0.786016, 1.04575], "31": [6.49754], "32": [9.35039], "33": [48.2117, 0.881102, 6.50632, 6.51211, 2.78162, 3.851, 0.209403, 0.539295, 4.53578, 9.46386, 14.2975, 11.3357, 0.229382, 25.1172, 15.3969, 33.6546, 10.4782, 17.8799, 2.46711, 15.2392], "34": [5.33444],