{"0": [0.0, 5.4061, 5.12582, 2.07847, 23.9405, 4.16225, 3.78605, 5.76202, 1.06591, 2.3941, 0.197637, 8.18972, 4.89465, 59.2675, 5.05311], "1": [2.97159, 8.06766, 0.196876, 329.949, 33.9123, 6.10638, 4.09921, 16.9793, 3.56841, 4.15998, 50.7941], "2": [0.209781, 5.6198, 0.766794, 0.029956, 32.8062, 3.21434, 2.64656, 1.55815, 0.881102, 31.7716, 1.91839, 23.1953, 8.07687, 0.848021, 40.6093, 0.089554, 0.189146, 2.99821, 0.896826, 21.6299, 25.2715, 1.39352, 7.4887, 6.54459, 9.45209], "3": [3.16863, 5.09656, 13.1661, 8.86699, 0.995981, 6.80637, 0.299144, 1.7669, 5.95012, 1.95966, 3.6391, 7.19499, 3.96799, 3.39235, 3.41252, 0.506014, 4.87828, 9.66614, 4.57168, 10.9036, 0.369, 3.33373, 14.796], "4": [21.894, 2.93957, 24.1103, 0.787859, 6.90381, 2.899, 7.40281, 3.75482, 5.49317, 29.4448, 2.08005, 19.6837, 2.44142, 3.23309, 0.466068, 21.3321, 2.92549, 1.58415, 11.0145, 1.83122, 1.32131, 0.0299247, 11.3424, 12.1343, 26.1248, 2.33789], "5": [1.35086, 1.72346, 3.43909, 0.0299566, 2.15923, 5.92595, 3.75414, 0.996688, 2.43431, 8.3984, 1.85631, 0.206376, 0.563643, 1.0421, 2.27236, 1.23537, 51.6071, 1.37974], "6": [4.12139, 3.48593, 1.0129, 3.23629, 2.02884, 3.39015, 6.10942, 1.08401, 3.43088, 1.60449, 5.17864, 5.3273, 4.74861, 2.68952, 8.57386, 3.2828, 4.12841, 4.66332, 2.55633, 5.19435, 6.5906, 4.51912, 4.522, 1.42352, 0.673424, 0.792593, 4.70808, 0.0299077, 2.35673, 0.707908, 1.717, 4.29043, 4.6719, 1.91286, 6.19874, 1.34499, 0.889217, 8.5587, 5.84874, 1.3572, 1.84086, 1.96554, 4.53702, 2.86982, 0.0, 1.50335, 2.29273, 0.744934, 1.57988, 0.40744, 2.42149, 0.0299843, 2.65129, 1.09771, 2.01229, 0.605691, 0.707825, 1.73646, 3.3963, 0.269449, 0.0898758, 0.029984, 1.35791, 3.46134, 3.49498, 0.209095, 2.56946, 4.50065, 0.912968, 2.41112, 0.179824, 2.10971, 3.72982, 4.69509, 9.29848, 6.92383, 2.55521, 2.18093, 3.09613, 2.02447, 3.37101, 2.28914, 6.05954, 2.356, 3.18975, 3.06361, 2.18647, 4.82436, 0.438086], "7": [1.23692, 0.63031, 1.52125, 0.514389, 0.593945, 3.3264, 0.287731, 0.438566, 2.12607, 3.19569, 1.68373, 0.0591469, 1.10418, 1.33435, 0.564868, 1.08432, 0.0897761, 0.821552, 1.47594, 2.61997, 1.15016, 3.43529, 1.63857, 0.381901, 8.01065, 1.35607, 1.53126, 1.87604, 1.07598, 2.17484, 1.35449, 0.804868, 0.556714, 6.87888, 0.780321, 6.42364, 0.687332, 1.67834, 0.447414, 3.15414, 5.10406, 0.893993], "8": [15.9892], "9": [6.59009, 0.238311, 4.82103, 20.5427, 25.1895, 6.076, 7.80493, 3.18554, 0.801024, 3.13015, 1.90812, 13.3846, 5.3163, 6.7874, 25.1551, 1.87619, 5.30313, 1.62865, 2.81481, 8.99538, 4.7361, 2.0266], "10": [1.20009], "11": [6.12988], "12": [0.93538, 9.56443, 8.26423, 2.15865, 5.84647, 1.24704, 28.2561, 2.43027, 0.866548, 15.2857, 1.03015, 0.794768, 0.209279, 10.0322, 9.12374, 2.41597, 0.0, 2.69708, 0.398076, 0.0, 1.56128, 0.28822, 4.28285], "13": [20.8348], "14": [0.514045, 1.10023, 11.1899, 3.90195, 5.10855, 5.54661, 44.0909, 3.70041, 7.63458, 5.87778, 8.96348, 3.45819], "15": [0.810771, 2.56288, 4.98699, 0.951487, 3.5192, 2.4956, 0.806603, 2.9568, 2.1268, 2.44481, 1.94631, 4.78886, 5.95768, 2.23058], "16": [217.302, 0.555597, 195.629, 19.8165, 2.96998, 0.904114, 3.74473, 2.75895, 1.15776, 4.61851, 13.8144, 41.627, 0.279754, 3.4945, 1.11694, 2.18696, 0.474829, 2.77679, 3.707, 15.6505, 4.00843, 0.537085, 1.09367, 2.66704, 24.1589, 26.8697, 9.19723], "17": [6.89367, 1.91514, 2.85377, 194.137, 1.94851, 3.95168, 4.3716, 7.70161, 5.05574, 14.8528], "18": [1.46065, 2.40686, 0.667068, 30.1098, 28.9232, 18.8393, 6.38575, 1.28363, 0.259655, 0.0596372, 4.57736, 34.9262], "19": [2.32555], "20": [0.577345, 0.741621, 0.7941, 1.73531, 5.73031, 1.26752, 4.0207, 1.10254, 7.43878, 1.11069, 7.57402, 8.59009, 0.703943, 11.8056, 0.863812, 0.238384, 13.0356, 0.0598463, 5.78333, 7.44429, 1.9785, 75.5104, 0.647162, 0.699735, 11.1448, 1.87014, 3.1583], "21": [0.448554], "22": [0.0299425, 2.72159, 0.574734, 3.5782, 0.0, 0.398782, 6.62045, 6.10373, 25.9826, 6.99704, 2.04326, 6.59451, 3.39856, 39.4154], "23": [0.0299658, 5.9943, 2.4356, 0.593766, 1.76576, 1.59842, 6.51211, 2.66016, 4.17132, 13.9801, 2.53456, 5.01527, 0.149654, 5.65294, 1.60339, 0.922678, 0.597704, 0.836848, 0.39778, 1.37203, 4.32338, 1.56914, 0.0298752], "24": [173.136, 4.69529, 7.30695, 0.744543, 1.04184, 0.308882, 11.5722, 0.997735, 2.68883, 257.837, 11.0573, 0.0, 7.31666, 2.00267, 20.2859, 5.08236, 12.7659, 6.3743], "25": [16.9995], "26": [13.2793, 7.66635, 5.66291, 12.0368, 0.278021, 8.18662, 16.7172, 15.5011, 3.68625, 6.89826], "27": [1.90378, 4.03228, 1.72433, 2.34655, 0.208468, 548.515, 2.82228, 2.41377, 2.13522, 3.23238, 2.09607, 0.963049, 7.09208, 4.39454, 0.562223, 0.494323, 1.23797, 0.545877, 3.48732, 2.4173, 3.1929, 0.754584, 3.34284, 6.53218, 0.949, 0.0299409, 0.0, 2.91491], "28": [11.4644, 8.74245, 2.50051, 6.73417, 7.73094, 4.2266, 0.149853, 2.24063, 2.56492, 1.71776, 3.23441, 7.51482, 15.9323, 5.12416], "29": [13.812, 1.94815, 3.26878, 191.965, 5.52211, 9.68505, 9.21573, 4.39693, 3.6109, 8.89346, 7.19026], "30": [0.668103, 5.7826, 5.06588, 1.174, 0.227006, 1.81772, 1.4623, 0.209559, 0.707712, 2.98275, 1.70615, 0.337588, 4.86299, 0.486726, 0.285938, 1.95, 1.75435, 0.584638, 0.348952], "31": [6.49754], "32": [9.35039], "33": [48.2117], "34": [5.33444, 4.43655, 6.92037, 1.30615, 10.0256, 3.58544, 5.23199, 0.0884889, 3.09785], "35": [4.05709, 3.16485, 4.09889, 6.46167, 319.575, 6.09955, 5.61691, 5.68667, 8.07513, 6.57778, 8.32729, 10.852, 2.2923, 7.48452, 4.59649, 12.5631, 5.53569, 4.01909, 2.17465, 0.456649], "36": [3.21151, 9.48139, 8.86571, 432.993, 0.572814, 17.4527, 0.978194, 6.17789, 19.3398, 7.18353, 9.06264, 0.357895, 43.6793, 10.2942, 7.59301, 3.6347, 0.418776, 0.0, 1.95407, 29.3662, 18.9557], "37": [21.327], "38": [6.64139], "39": [3.07322, 0.844067, 4.24954, 2.21749, 9.00993, 19.1654, 5.42783, 0.349371, 0.0, 12.4783, 3.88136, 4.28661, 4.18493], "40": [1.57924, 0.278708, 1.57933, 4.96967, 0.735614, 1.74855, 0.872594, 0.497006, 2.52237, 1.54979, 0.0, 0.558797], "41": [2.70974], "42": [36.6351], "43": [12.7033, 1.67194, 10.6951, 0.367981, 3.26848, 6.43626, 11.8163, 3.30824, 5.94881, 6.0007, 9.0726, 3.32716, 5.04204, 6.13383], "44": [6.99238], "45": [4.89526], "46": [0.355276, 4.88564, 2.31152, 18.1388, 1.68728, 3.40849, 0.546672, 3.12163, 4.11795, 0.378399, 0.924099, 5.1249, 5.94083, 6.12794, 8.70935, 1.03058, 1.95523, 5.80372, 1.76083, 0.0, 0.358606, 0.259397, 3.21407, 1.58651, 0.51784, 1.26497, 2.52285, 21.7052], "47": [2.10234, 0.636682, 3.33101, 0.567572, 0.0899182, 1.06062, 2.61146, 9.85406, 7.27169, 1.58633, 0.0, 2.25277, 0.61792, 0.97411, 1.86494, 0.745995, 0.0599597, 1.66288, 0.899576, 3.48757, 1.46959, 5.93104, 3.47978, 2.7617, 2.10514, 3.06037, 5.79025, 4.00773, 1.54035, 0.17959, 2.72026, 1.19082, 0.627686, 0.219628, 8.67389, 6.02292, 11.0875, 1.81544, 0.535923, 3.93965], "48": [3.45889], "49": [4.12629], "50": [4.3465, 7.92039, 1.35927, 0.35491, 4.66095, 6.17271, 8.92046, 7.99536, 5.07584, 3.99605, 18.2527, 6.75465, 14.707, 4.38736, 0.910216, 44.0476, 0.577545, 0.156482, 7.78063, 1.76298, 4.18732, 2.88928], "51": [0.338187], "52": [1.4638, 157.826, 4.39025, 3.45695, 4.63139, 2.59731, 7.68942, 10.443, 3.27891, 10.8976, 13.9518, 15.5145, 11.2189, 15.8567, 15.3507, 11.155, 17.1432, 0.978203, 0.249309, 8.60181, 0.199739, 14.272, 16.9928], "53": [0.0299061], "54": [0.0299151], "55": [4.00982], "56": [3.33952], "57": [0.381102], "58": [2.95705], "59": [4.83059], "60": [0.539318, 4.87707, 0.361158, 0.60732, 17.2378, 0.507452, 4.48793, 1.41482, 0.947328, 9.2704, 7.57872, 7.75041, 0.279207, 15.4782, 0.059858, 1.03692, 17.1456, 0.893949], "61": [6.16455], "62": [44.1664, 12.1012, 7.26157, 4.73222, 31.3349, 3.38138, 0.029936, 43.1338, 12.2122, 0.939215, 2.51233], "63": [0.815196], "64": [0.527345], "65": [4.12724], "66": [3.74884], "67": [1.02858, 11.2704, 17.3696, 5.21706, 5.76933, 1.11573, 136.219, 0.602627],