{"0": [0.0, 0.0, 0.584, 0.89, 0.096, 1.9300000000000002, 0.24375, 0.86625], "1": [0.0, 0.0, 0.0, 0.0, 0.0, 0.0, 0.0, 0.0, 0.0, 0.087, 0.489, 0.731, 0.16899999999999998, 0.29900000000000004, 0.093, 0.006, 0.0, 0.086, 0.057999999999999996, 1.8399999999999999, 0.24125, 0.11875, 0.3475, 0.415, 1.36875], "2": [0.0, 0.0, 0.0, 0.0, 0.0, 0.0, 0.0, 0.0, 0.0, 0.0, 0.0, 0.0, 0.0, 0.0, 0.0, 0.0, 0.0, 0.0, 0.0, 0.0, 0.0, 0.0, 0.0, 0.0, 0.0, 0.0, 0.0, 0.0, 0.0, 0.0, 0.0, 0.0, 0.0, 0.0, 0.0, 0.984, 0.24100000000000002, 0.732, 0.744, 0.271, 0.6, 0.576, 0.422, 0.053000000000000005, 0.034999999999999996, 0.908, 0.55, 0.16, 0.242, 0.019, 0.518, 0.13899999999999998, 0.043, 0.08499999999999999, 0.019, 0.62, 0.078, 0.172, 0.006, 0.033, 0.15, 0.034, 0.0, 0.006, 0.148, 0.358, 0.135, 0.489, 0.087, 0.15, 0.028999999999999998, 0.757, 0.061, 0.316, 0.020999999999999998, 0.09777777777777778, 0.01888888888888889, 0.8225, 0.86125, 0.265, 0.48125], "3": [0.0, 0.0, 0.0, 0.0, 0.0, 0.0, 0.0, 0.0, 0.0, 0.0, 0.0, 0.0, 0.0, 0.0, 0.0, 0.0, 0.0, 0.0, 0.027000000000000003, 0.364, 0.42699999999999994, 0.006, 0.04, 0.3, 3.66875, 1.375, 7.6775, 1.7675, 1.3275], "4": [0.0, 0.0, 0.0, 0.0, 0.0, 0.0, 0.0, 0.665, 1.205, 1.44125, 0.2975], "5": [0.0, 0.0, 0.0, 0.0, 0.0, 0.0, 0.0, 0.5940000000000001, 0.8310000000000001, 0.041999999999999996], "6": [0.0, 0.0, 0.0, 0.0, 0.0, 0.0, 0.0, 1.262, 1.467, 0.009, 0.34700000000000003, 0.162, 0.16499999999999998, 0.065, 0.017, 0.003, 0.04777777777777778], "7": [0.0, 0.0, 0.0, 0.0, 0.0, 0.0, 0.0, 0.0, 0.0, 0.0, 0.0, 0.0, 0.0, 0.0, 0.0, 0.0, 0.0, 0.0, 0.0, 0.383, 2.886, 0.45199999999999996, 0.018, 0.9470000000000001, 0.13999999999999999, 0.009, 0.127, 0.003, 0.33999999999999997, 0.06, 0.003, 0.0, 0.39, 2.134, 0.19333333333333333, 1.3, 0.50125, 7.06625, 0.545], "8": [0.0], "9": [0.0, 0.0, 0.0, 0.0, 0.0, 0.0, 0.0, 0.0, 0.0, 0.32999999999999996, 0.437, 0.254, 0.20099999999999998, 0.193, 0.176, 1.209, 0.096, 0.10500000000000001, 0.11125, 0.83], "10": [0.0, 0.0, 0.0, 0.0, 0.0, 0.0, 0.0, 0.0, 0.0, 0.0, 0.0, 0.639, 0.615, 1.402, 0.8859999999999999, 0.696, 0.554, 0.143], "11": [0.0, 0.0, 0.0, 0.0, 0.11399999999999999, 1.15], "12": [0.0, 0.0, 0.0, 0.0, 0.0, 0.0, 0.0, 0.0, 0.0, 0.458, 1.8199999999999998, 0.024], "13": [0.0], "14": [0.0, 0.0, 0.0, 0.0, 0.0, 0.0, 0.0, 0.0, 0.0, 0.0, 14.219999999999999, 0.33799999999999997, 0.307, 0.791, 0.189, 0.032, 0.003, 0.048, 0.31, 0.675, 1.33625, 0.1825, 0.82125, 0.5375], "15": [0.0], "16": [0.0, 0.0, 0.0, 0.0, 0.0, 0.0, 0.0, 0.08199999999999999, 0.11499999999999999, 0.223, 0.339, 0.635, 0.003, 0.404, 0.2325], "17": [0.0], "18": [0.0, 0.0, 0.0, 0.0, 0.0, 0.0, 0.0, 0.0, 0.0, 0.0, 0.0, 0.27999999999999997, 0.197, 0.154, 0.5599999999999999, 0.009, 0.697, 0.11000000000000001, 0.306, 0.706, 19.48, 0.5925, 2.05, 1.83125, 0.45375, 0.28375], "19": [0.0, 0.0, 0.0, 0.0, 0.0, 18.719333333333335, 37.67285714285714, 16.251818181818184, 3.04, 8.790000000000001, 0.0, 0.11499999999999999, 0.24900000000000003, 4.919, 0.188, 0.885, 0.34900000000000003, 12.631111111111112], "20": [0.0], "21": [0.0, 0.0, 13.313636363636363, 0.817, 0.533, 0.875, 0.571, 1.77625, 0.435, 0.3525], "22": [0.0, 0.0, 0.0, 0.0, 0.0, 2.034, 2.154, 1.159, 1.3733333333333333], "23": [0.0, 0.0, 0.0, 0.0, 0.0, 0.0, 0.0, 0.0, 0.0, 0.0, 0.0, 0.0, 0.0, 23.733333333333334], "24": [0.0, 0.0, 0.0, 0.0, 0.0, 0.0, 0.32, 0.807, 0.639, 0.522, 0.128, 0.10900000000000001, 0.833, 0.0, 0.15625, 3.94875, 1.72], "25": [0.0, 0.0, 0.0, 0.0, 0.0, 0.0, 0.0, 0.581, 0.735, 0.65, 4.4775, 1.80375, 1.08625], "26": [0.0], "27": [0.0], "28": [0.0, 0.0, 0.0, 0.0, 0.0, 0.0, 0.0, 0.0, 0.0, 6.57, 0.154, 0.8939999999999999, 0.29100000000000004, 0.663, 0.687, 0.721, 0.399, 1.7719999999999998, 0.646, 0.533, 0.006, 0.9490000000000001, 1.12375], "29": [0.0, 0.0, 0.0, 0.0, 0.0, 0.0, 0.0, 0.0, 0.0, 0.0, 0.0, 0.0, 0.0, 0.256, 0.7070000000000001, 0.21200000000000002, 0.13999999999999999, 0.10600000000000001, 0.051000000000000004, 0.016, 0.585, 0.9029999999999999, 0.025, 0.33375], "30": [0.0, 0.0, 0.0, 0.0, 0.0, 0.0, 0.0, 0.0, 0.0, 0.207, 0.022, 1.2890000000000001, 0.27599999999999997, 0.0, 0.04888888888888889, 20.35, 28.3225, 2.73125], "31": [0.0], "32": [0.0], "33": [0.0, 0.0, 0.0, 0.0, 0.0, 0.0, 0.0, 0.0], "34": [0.0], "35": [0.0], "36": [0.0], "37": [0.0], "38": [0.0], "39": [0.0], "40": [0.0, 0.0, 0.0, 0.0, 0.0, 0.0, 1.964, 1.519, 0.28500000000000003, 0.006, 0.153, 2.96, 1.53125, 0.27625, 3.445], "41": [0.0], "42": [0.0], "43": [0.0], "44": [0.0, 0.0, 0.0, 0.0, 0.0, 0.10800000000000001, 0.22625, 0.83125, 0.57], "45": [0.0], "46": [0.0], "47": [0.0], "48": [0.0], "49": [0.0], "50": [0.0, 0.0, 0.398, 1.3800000000000001, 0.679, 0.829, 1.025, 1.177, 3.7159999999999997, 0.09625, 0.21125, 0.0075], "51": [0.0], "52": [0.0, 1.10625, 0.51375, 1.72875, 1.265, 0.63375, 0.58375, 0.14, 3.2975, 4.3575], "53": [0.0, 0.0, 0.337, 2.175, 0.10600000000000001, 1.1720000000000002, 0.0, 0.6575], "54": [0.0], "55": [0.0, 0.0, 0.0, 1.34, 2.914, 0.0, 5.888888888888889, 1.90375], "56": [0.0], "57": [0.0], "58": [0.0], "59": [0.0, 0.0, 3.5100000000000002, 1.844, 0.161, 1.705, 0.87, 1.38125, 1.225, 1.9425, 5.40375, 7.915, 4.715], "60": [0.0, 0.0, 0.0, 0.0, 0.0, 0.0, 14.20909090909091, 0.096, 1.434, 0.692, 0.265, 1.474, 0.025, 1.449, 0.202, 0.396, 0.373, 0.147, 0.27599999999999997, 2.0833333333333335, 0.07125, 3.35875, 2.13125], "61": [0.0], "62": [0.0], "63": [0.0], "64": [0.0], "65": [0.0, 0.0, 0.0, 10.739, 1.556, 14.347, 0.644, 1.6280000000000001, 0.323, 4.792222222222223, 1.1175, 0.83125], "66": [0.0], "67": [0.0], "68": [0.0, 0.0, 0.0, 0.0, 0.0, 0.03, 0.0], "69": [0.0], "70": [0.0, 0.0, 1.72, 0.16999999999999998, 0.006, 0.421, 0.003, 0.2825], "71": [0.0], "72": [0.0], "73": [0.0], "74": [0.0, 0.0, 0.0, 0.0, 0.29, 0.466, 1.278, 1.09125, 1.51125, 0.9775], "75": [0.0], "76": [0.0], "77": [0.0], "78": [0.0, 0.0, 0.395, 0.028999999999999998, 0.009], "79": [0.0, 0.0, 0.0, 0.0, 0.0, 0.0, 0.0, 0.0, 0.0, 0.0, 0.678, 0.038, 1.4, 0.548, 0.23500000000000001, 0.056999999999999995], "80": [0.0, 0.0, 0.0, 0.0, 0.0, 0.583, 1.4449999999999998, 0.16499999999999998, 0.186], "81": [0.0], "82": [0.0], "83": [0.0], "84": [0.0], "85": [0.0], "86": [0.0], "87": [0.0, 0.0, 0.38, 0.213, 0.733, 0.619, 0.022, 0.27999999999999997], "88": [0.0, 1.579, 0.257, 0.13799999999999998, 2.6870000000000003, 0.11100000000000002, 1.372], "89": [0.0], "90": [0.0, 0.0, 0.0, 0.0, 0.544, 0.06899999999999999, 0.354, 0.0, 0.42300000000000004], "91": [0.0], "92": [0.0], "93": [0.0, 0.0, 0.0, 1.4769999999999999, 0.38, 0.07875, 2.22125, 2.5525], "94": [0.0, 0.0, 0.0, 0.022, 0.123, 0.18, 0.14], "95": [0.0, 0.0, 0.0, 0.40599999999999997, 0.17333333333333334, 0.2075, 0.45625], "96": [0.0], "97": [0.0, 0.0, 0.0, 0.0, 0.0, 0.0, 1.057, 0.29900000000000004, 1.247, 0.757, 0.6825], "98": [0.0, 1.381, 0.738, 0.012, 0.23900000000000002, 0.708, 79.9211111111111, 0.995], "99": [0.0], "100": [0.0], "101": [0.0], "102": [0.0], "103": [0.0], "104": [0.0], "105": [0.0], "106": [0.0], "107": [0.0], "108": [0.0], "109": [0.0], "110": [0.0], "111": [0.0], "112": [0.0], "113": [0.0], "114": [0.0], "115": [0.0], "116": [0.0], "117": [0.0], "118": [0.0], "119": [0.0], "120": [0.0], "121": [0.0], "122": [0.0, 0.0, 0.0, 0.0, 0.0, 2.221, 0.209], "123": [0.0], "124": [0.0], "125": [0.0, 0.0, 0.898, 0.43, 0.525, 0.068, 1.053, 0.009, 0.25, 0.119, 0.916, 1.213, 0.8388888888888889, 0.63375, 3.8575], "126": [0.0], "127": [0.0], "128": [0.0], "129": [0.0], "130": [0.0], "131": [0.0], "132": [0.0], "133": [0.0], "134": [0.0], "135": [0.0], "136": [0.0], "137": [0.0], "138": [0.0], "139": [0.0], "140": [0.0], "141": [0.0], "142": [0.0], "143": [0.0], "144": [0.0, 0.0, 0.0, 0.0, 0.20400000000000001, 0.8949999999999999], "145": [0.0], "146": [0.0, 0.0, 0.0, 1.564, 0.8039999999999999, 1.734, 0.42699999999999994, 0.544, 0.30666666666666664, 0.58875], "147": [0.0], "148": [0.0], "149": [0.0], "150": [0.0, 0.67, 0.92875, 0.8825], "151": [0.0, 0.063, 0.248, 1.2275, 2.74875, 0.54375, 0.44625, 4.20875, 0.3225, 2.505, 2.575],