{"0": [0.0, 5.4061, 5.12582, 2.07847, 23.9405, 4.16225, 3.78605, 1.18657, 1.06591, 2.3941, 0.197637, 8.18972, 4.89465], "1": [1.20845, 8.06766, 0.196876, 304.808, 0.0599078, 33.9123, 6.10638, 4.09921, 16.9793, 3.56841, 4.15998], "2": [0.209781, 5.6198, 0.766794, 0.029956, 32.8062, 3.21434, 7.30695, 1.65517, 0.0, 1.0651, 0.0299484, 31.7716, 1.91839, 23.1953, 0.52149, 8.07687, 0.848021, 40.6093, 0.089554, 0.189146, 2.99821, 0.896826, 2.55557, 25.2715, 0.288592, 7.4887, 0.0599357], "3": [0.0, 5.09656, 11.6008, 6.36241, 0.646456, 0.229475, 0.299144, 1.7669, 5.95012, 0.0599306, 0.189754, 7.19499, 3.96799, 3.39235, 3.41252, 0.506014, 4.87828, 9.66614, 4.57168, 10.9036, 0.369, 3.33373], "4": [21.894, 4.0123, 5.52115, 1.07616, 5.49317, 29.4448, 2.08005, 19.6837, 2.44142, 3.23309, 0.466068, 21.3321, 2.92549, 1.58415, 11.0145, 1.83122, 1.32131, 0.0299247, 11.3424, 12.1343], "5": [1.35086, 1.72346, 3.43909, 0.0299566, 2.15923, 5.92595, 0.0598668, 0.557298, 2.43431, 8.3984, 3.93632, 1.85631, 0.206376, 0.563643, 1.0421, 2.27236, 1.23537], "6": [4.12139, 3.48593, 1.0129, 3.23629, 2.02884, 3.39015, 6.10942, 1.08401, 3.43088, 1.60449, 5.17864, 5.3273, 4.74861, 2.68952, 7.68457, 2.72396, 3.3402, 3.93874, 2.46313, 0.159631, 3.86076, 3.9021, 3.93315, 0.269148, 0.0599146, 0.792593, 4.70808, 0.0299077, 0.707908, 1.717, 4.29043, 4.6719, 1.91286, 6.19874, 1.34499, 0.889217, 8.17327, 5.12196, 0.86991, 1.23914, 1.21376, 0.487514, 0.149607, 0.0, 1.50335, 2.29273, 0.744934, 1.57988, 0.40744, 2.42149, 0.0299843, 2.65129, 1.09771, 2.01229, 0.605691, 0.707825, 1.73646, 3.3963, 7.18353, 0.269449, 0.0898758, 0.029984, 1.35791, 3.46134, 3.49498, 0.209095, 2.56946, 0.0897473, 0.912968, 0.21937, 0.179824, 1.49937, 1.04443, 1.39289, 9.29848, 6.92383, 2.55521, 2.18093, 3.09613, 2.02447, 3.37101, 0.209804, 6.05954, 2.356], "7": [1.23692, 0.63031, 1.52125, 0.514389, 0.593945, 3.3264, 0.287731, 0.438566, 2.12607, 2.81344, 0.417757, 0.0591469, 1.10418, 0.119491, 0.0599004, 1.08432, 0.0897761, 0.821552, 1.47594, 2.61997, 1.15016, 3.43529, 1.63857, 0.381901, 8.01065, 1.35607, 1.53126, 1.87604, 1.07598, 2.17484, 1.35449, 0.804868, 0.0299309, 0.0, 0.780321, 6.42364, 0.687332, 1.67834, 0.447414, 1.16347], "8": [15.9892], "9": [6.59009, 0.238311, 4.82103, 20.5427, 1.62547, 4.72459, 5.3507, 0.0, 0.801024, 3.13015, 1.68728, 1.90812, 7.66832, 0.418612, 0.458755, 25.1551, 15.4233, 1.76083, 1.87619, 5.30313, 1.62865, 2.81481, 8.99538, 4.7361], "10": [1.20009], "11": [6.12988], "12": [0.93538, 8.26423, 1.67737, 4.32048, 0.634824, 1.66411, 1.01103, 0.456346, 0.618658, 1.03015, 0.794768, 0.209279, 10.0322, 0.14983, 2.42352, 16.2765, 0.0, 2.69708, 0.398076, 33.0526, 0.0, 1.56128, 6.0007, 4.13265, 0.28822, 1.05424], "13": [20.8348], "14": [0.514045, 1.10023, 1.3422, 3.90195, 5.10855, 5.54661, 44.0909, 3.40849, 3.70041, 6.86972, 5.23643, 8.96348, 3.45819], "15": [0.810771, 2.56288, 3.5192, 2.25395, 0.209683, 2.9568, 2.1268, 5.94881, 2.44481, 1.94631, 4.78886], "16": [2.93957, 24.6536, 24.1103, 9.56443, 124.724, 4.69529, 19.8165, 0.787859, 1.84535, 2.70315, 1.58809, 2.13779, 0.744543, 5.44675, 8.86571, 0.0598554, 405.861, 18.1388, 10.6951, 0.367981, 0.308882, 1.51644, 3.26848, 0.572814, 0.189726, 0.997735, 0.978194, 2.68883, 6.17789, 19.3398, 3.4945, 1.04333, 9.06264, 2.8725, 0.0898851, 3.30824, 0.921644, 10.2942, 0.0, 1.41608, 4.18414, 3.707, 0.219296, 0.0299297, 0.0, 0.459203], "17": [6.89367, 1.91514, 1.05916, 41.669, 1.94851, 11.5722, 3.81681, 4.3716, 7.70161, 5.05574], "18": [0.555597, 4.98699, 109.095, 0.615513, 0.0299544, 0.209008, 2.31152, 1.15776, 4.61851, 11.5642, 0.0, 0.924099, 5.1249, 5.94083, 6.12794, 1.95523, 0.474829, 1.58651, 1.26497, 1.84094, 0.17964], "19": [1.46065, 0.0, 0.667068, 30.1098, 28.9232, 18.8393, 6.38575, 11.0573, 1.28363, 0.259655, 0.0596372, 4.57736, 34.9262, 3.48819], "20": [2.32555], "21": [0.577345, 0.0298821, 0.0299943, 1.09373, 2.49086, 0.0299546, 0.0299379, 0.994972, 5.94993, 1.11069, 8.59009, 0.703943, 2.16561, 11.8056, 0.863812, 0.238384, 13.0356, 0.0598463, 5.78333, 7.44429, 1.9785, 0.647162, 0.699735, 0.269086], "22": [0.448554], "23": [0.0299425, 2.72159, 0.0599539, 3.5782, 0.0, 0.398782, 6.62045, 0.229701, 0.487688, 0.229242, 2.04326, 6.59451, 3.39856], "24": [0.0299658, 1.13592, 0.229382, 0.593766, 1.76576, 1.59842, 1.04184, 6.09158, 3.34769, 1.80198, 4.17132, 13.9801, 2.53456, 5.01527, 0.149654, 5.65294, 1.46514, 2.99902, 1.60339, 0.922678, 0.675724, 0.597704, 0.836848, 0.39778, 1.86172, 0.937963, 1.37203, 4.32338], "25": [16.9995], "26": [13.2793, 7.66635, 5.66291, 7.35506, 0.278021, 8.18662, 16.7172, 15.5011, 3.68625, 6.89826], "27": [1.90378, 1.82368, 0.0, 0.0599051, 0.208468, 510.221, 2.82228, 2.41377, 2.13522, 3.23238, 2.09607, 0.963049, 3.62483, 2.21974, 0.562223, 0.494323, 1.23797, 0.545877, 3.48732, 2.4173, 3.1929, 0.754584, 3.34284, 6.53218, 0.949, 0.0299409, 0.0], "28": [11.4644, 8.74245, 0.238986, 0.249476, 0.0299799, 4.2266, 0.149853, 2.24063, 2.56492, 1.71776, 0.0596956, 2.55193, 0.439196, 5.12416], "29": [13.812, 1.70102, 1.34444, 164.781, 5.52211, 9.333, 1.61309, 4.39693, 3.6109, 8.89346], "30": [0.668103, 3.98684, 0.0, 0.884522, 0.227006, 1.81772, 0.148043, 0.209559, 0.707712, 2.98275, 1.70615, 0.337588, 4.86299, 0.486726, 0.285938, 1.95, 1.75435, 0.584638, 0.348952], "31": [6.49754], "32": [9.35039], "33": [35.7603], "34": [5.09234, 4.15562, 6.92037, 1.30615, 10.0256, 3.58544, 0.0598123, 0.0884889, 3.09785], "35": [1.76184, 3.16485, 4.09889, 6.46167, 150.315, 6.09955, 5.61691, 5.68667, 8.07513, 1.12627, 4.76047, 10.852, 2.2923, 4.59649, 12.5631, 5.53569, 4.01909, 0.129511], "36": [2.16853, 2.74232, 2.35673, 32.4445, 1.94192, 17.1033, 1.4167, 1.08751, 7.11052, 0.279754, 1.11694, 2.18696, 2.30488, 2.77679, 15.6505, 4.00843, 0.537085, 1.09367], "37": [1.62234], "38": [0.328504], "39": [0.0299742, 0.844067, 4.24954, 1.79995, 0.249835, 19.1654, 5.42783, 0.349371, 0.0, 12.4783, 0.0], "40": [0.417641, 0.278708, 1.57933, 3.24786, 1.2667, 0.735614, 1.74855, 0.872594, 0.497006, 1.54979, 0.0, 0.558797], "41": [0.0597705], "42": [1.37746], "43": [0.0299722], "44": [1.94696], "45": [2.10234, 0.636682, 3.33101, 0.567572, 0.0899182, 1.06062, 2.61146, 9.85406, 7.27169, 1.58633, 0.0, 0.458113, 0.0899362, 0.97411, 1.86494, 0.745995, 0.0599597, 1.66288, 0.899576, 3.48757, 1.46959, 5.93104, 3.47978, 2.7617, 2.10514, 0.557368, 0.517711, 1.21781, 1.54035, 0.17959, 2.72026, 1.19082, 1.22497, 0.627686, 0.219628, 8.67389, 6.02292, 11.0875, 1.81544, 0.535923], "46": [3.45889], "47": [4.12629], "48": [4.3465, 7.92039, 1.35927, 0.35491, 4.66095, 6.17271, 0.48811, 4.94828, 4.79051, 2.41514, 0.687194, 18.2527, 6.75465, 14.707, 4.38736, 0.910216, 44.0476, 0.577545, 0.0, 7.78063, 1.76298], "49": [0.338187], "50": [1.4638, 121.382, 4.39025, 3.45695, 4.63139, 2.59731, 7.38968, 0.31968, 3.27891, 10.8976, 13.9518, 15.5145, 4.62351, 15.8567, 15.3507, 11.155, 5.97259, 0.978203, 8.60181, 14.272], "51": [0.0299061], "52": [0.0299151], "53": [4.00982], "54": [3.33952], "55": [0.381102], "56": [2.95705], "57": [4.83059], "58": [0.539318, 4.87707, 0.361158, 0.60732, 17.2378, 0.507452, 4.48793, 0.0897034, 0.947328, 2.43911, 7.57872, 7.75041, 0.279207, 15.4782, 0.059858], "59": [6.16455], "60": [44.1664, 12.1012, 3.54122, 4.73222, 1.21868, 3.38138, 0.029936, 43.1338, 12.2122, 0.939215], "61": [0.815196], "62": [0.527345], "63": [4.12724], "64": [3.74884], "65": [1.02858, 11.2704, 3.1065, 4.17624, 1.54534, 1.11573, 4.23417, 0.602627], "66": [34.4136], "67": [7.4621, 3.47627, 5.3567, 1.21661, 0.0898361, 1.08808, 5.50714, 2.66911, 3.6216, 2.02966, 0.33952, 0.179281, 11.8432, 4.25134, 7.88897, 0.806597, 6.51966, 2.69943, 2.12447, 2.40896], "68": [11.9284, 4.67436, 1.21235, 10.7517, 0.196779, 3.21609, 1.34532, 11.3862], "69": [6.50632], "70": [6.69623, 2.76844, 1.70859, 8.70935, 10.0835, 2.02303, 0.0299288, 1.7647, 2.36301, 7.31666, 1.61093, 13.3299, 2.00267, 0.0599208, 6.0797], "71": [2.95187, 5.80448, 7.36177, 3.3131, 22.9091, 9.53843, 3.58264, 0.199739], "72": [17.3194],